ISOTime,UnixTime,Id,Longitude,Latitude,Altitude,Roll,Pitch,Yaw,U,V,Heading,Type,Color,Coalition,Name,Group,Country,Pilot,TAS,CAS,M,ASL,AGL,GS,VS,AOA,AOS,RRT,TRT,TRD,G,LatG,LonG,Ek,Ep,Em,FFW,FFV,RelativeTime,Elev,GroundDistance,AirDistance
2011-06-01T05:00:10Z,1306904410,707,55.33043,25.6732279,10184.1,-94.6,-10.5,27.4,-91805.14,-54378.43,28.1,Weapon+Missile,Blue,Enemies,AIM-120B,,us,,329.575027823122,208.901092529297,1.10286619976053,10184.1005859375,10184.1005859375,NaN,NaN,NaN,NaN,NaN,NaN,NaN,NaN,NaN,NaN,NaN,9987.1910011084,NaN,,,0.119999885559082,0,NaN,NaN
2011-06-01T05:00:11Z,1306904411,707,55.3322573,25.6764221,10104.09,-76.5,-13.2,26.7,-91617.24,-54026.92,27.4,Weapon+Missile,Blue,Enemies,AIM-120B,,us,,406.52794662941,264.4365234375,1.3587882540758,10104.091796875,10104.091796875,398.576924900924,-80.0087890625,1.32287308856943,NaN,17.1385155710711,2.30464571348244,5000,1.74780666828156,1.74780666828156,1.74780666828156,8263.24856953621,9908.72918198242,18171.9777515186,,,1.11999988555908,0,400.060609848608,408.606657281519
2011-06-01T05:00:12Z,1306904412,707,55.3348413,25.680644,9978.91,-64.1,-12.9,30,-91351.98,-53562.53,30.8,Weapon+Missile,Blue,Enemies,AIM-120B,,us,,549.268759392794,356.294036865234,1.8325470129096,9978.9052734375,9978.9052734375,534.81258810403,-125.1865234375,0.316547138806587,NaN,11.7384723906106,2.57418666727356,5000,4.16416215896606,4.16416215896606,4.16416215896606,15084.808502245,9785.96313997559,24870.7716422205,,,2.11999988555908,0,936.800166463083,960.574813390214
2011-06-01T05:00:13Z,1306904413,707,55.3383635,25.6857101,9836.72,-55.3,-11,34.5,-90991.39,-53005.82,35.3,Weapon+Missile,Blue,Enemies,AIM-120B,,us,,678.352170119684,431.393493652344,2.25855331267317,9836.7197265625,9836.7197265625,663.283451448883,-142.185546875,0.11846729775365,NaN,8.20002458919383,4.87032828626695,5000,8.16487598419189,8.16487598419189,8.16487598419189,23008.0833353043,9646.52675064941,32654.6100859537,,,3.11999988555908,0,1602.3045387685,1642.10974242713
2011-06-01T05:00:14Z,1306904414,707,55.3431666,25.69144,9707.68,-48.8,-7,39.8,-90501.35,-52377.18,40.6,Weapon+Missile,Blue,Enemies,AIM-120B,,us,,807.44953201947,505.243530273438,2.6833747440485,9707.67578125,9707.67578125,797.071142958171,-129.0439453125,0.23091328641895,NaN,5.75386747003463,5.81692164201807,5000,8.6868839263916,8.6868839263916,8.6868839263916,32598.7373379231,9519.97787001953,42118.7152079426,,,4.11999988555908,0,2401.68474133496,2453.04787166036
2011-06-01T05:00:15Z,1306904415,707,55.3487699,25.6972474,9626.3,-41.9,-4.9,41.6,-89930.94,-51740.95,42.3,Weapon+Missile,Blue,Enemies,AIM-120B,,us,,858.366243583576,535.474914550781,2.84924548322682,9626.3046875,9626.3046875,854.500645538497,-81.37109375,0.049598914302795,NaN,7.66155296559753,3.02953147357621,5000,1.85312914848328,1.85312914848328,1.85312914848328,36839.630406189,9440.18008636719,46279.8104925562,,,5.11999988555908,0,3258.34652597293,3314.85813192078
2011-06-01T05:00:16Z,1306904416,707,55.3548255,25.7034439,9547.23,-34.7,-5,41.4,-89314.65,-51062.17,42.2,Weapon+Missile,Blue,Enemies,AIM-120B,,us,,920.21662067749,572.094177246094,3.05108351464063,9547.228515625,9547.228515625,916.812733339091,-79.076171875,0.03062932872469,NaN,6.87692815450315,0.0550717152262136,5000,0.78365170955658,0.78365170955658,0.78365170955658,42339.931448555,9362.63285227539,51702.5643008304,,,6.11999988555908,0,4177.45916036761,4238.7425780928
2011-06-01T05:00:17Z,1306904417,707,55.3612858,25.7100871,9460.06,-28.8,-5.1,41.3,-88657.21,-50334.36,42,Weapon+Missile,Blue,Enemies,AIM-120B,,us,,984.646048369411,610.904479980469,3.26063185369307,9460.0595703125,9460.0595703125,980.780003641287,-87.1689453125,0.0769210526014644,NaN,5.78463064205637,0.222936227250879,5000,0.669827878475189,0.669827878475189,0.669827878475189,48476.3920284748,9277.14931852051,57753.5413469953,,,7.11999988555908,0,5160.70334979094,5227.30251362131
2011-06-01T05:00:18Z,1306904418,707,55.368148,25.7171788,9363.46,-23.8,-5.4,41.2,-87958.9,-49557.37,41.9,Weapon+Missile,Blue,Enemies,AIM-120B,,us,,1049.13965096226,650.646118164062,3.46940859005312,9363.4638671875,9363.4638671875,1044.68333831789,-96.595703125,0.0365412476290543,NaN,4.61539446370398,0.342499435723893,5000,0.556905210018158,0.556905210018158,0.556905210018158,55034.7003610611,9182.42129331543,64217.1216543765,,,8.11999988555908,0,6208.0423441682,6280.6255303581
2011-06-01T05:00:19Z,1306904419,707,55.3750651,25.7243734,9260.16,-19.5,-5.8,40.9,-87255.02,-48769,41.6,Weapon+Missile,Blue,Enemies,AIM-120B,,us,,1061.90615673328,661.564880371094,3.50646114753818,9260.1640625,9260.1640625,1056.86982928815,-103.2998046875,0.0281600872409102,NaN,4.04617674355887,0.428988973925427,5000,0.566747605800629,0.566747605800629,0.566747605800629,56382.2342854023,9081.11879035156,65463.3530757539,,,9.11999988555908,0,7267.60495671815,7346.75135957989
2011-06-01T05:00:20Z,1306904420,707,55.381704,25.7313469,9152.92,-16,-6.2,40.6,-86579.43,-48004.76,41.3,Weapon+Missile,Blue,Enemies,AIM-120B,,us,,1025.66301661951,644.46923828125,3.38162841710803,9152.916015625,9152.916015625,1020.04043062152,-107.248046875,0.0396403687924804,NaN,3.47692487246792,0.518798757795954,5000,0.549947381019592,0.549947381019592,0.549947381019592,52599.2311830521,8975.94438446289,61575.175567515,,,10.1199998855591,0,8290.28346701941,8376.50617989902
2011-06-01T05:00:21Z,1306904421,707,55.3880566,25.7380873,9041.84,-13,-6.7,40.3,-85932.95,-47265.94,41,Weapon+Missile,Blue,Enemies,AIM-120B,,us,,987.989995535592,626.43310546875,3.25229971680662,9041.8447265625,9041.8447265625,981.726744071085,-111.0712890625,0.0276658761059645,NaN,2.876961055774,0.55594180675016,5000,0.545624434947968,0.545624434947968,0.545624434947968,48806.211563921,8867.02065877441,57673.2322226954,,,11.1199998855591,0,9274.570996125,9368.43585361862
2011-06-01T05:00:22Z,1306904422,707,55.3942222,25.7446988,8925.24,-10.4,-7.2,40,-85305.48,-46541.15,40.7,Weapon+Missile,Blue,Enemies,AIM-120B,,us,,965.729639149773,617.292724609375,3.17379337121113,8925.236328125,8925.236328125,958.663766576265,-116.6083984375,0.0266998248582957,NaN,2.50768346320267,0.55796199527975,5000,0.569399416446686,0.569399416446686,0.569399416446686,46631.6867966175,8752.6668837207,55384.3536803382,,,12.1199998855591,0,10235.7669575161,10338.0232031475
2011-06-01T05:00:23Z,1306904423,707,55.4001148,25.751091,8804.71,-8.4,-7.7,39.7,-84705.76,-45840.29,40.4,Weapon+Missile,Blue,Enemies,AIM-120B,,us,,930.273147717386,600.368957519531,3.05208824142094,8804.708984375,8804.708984375,922.432267850915,-120.52734375,0.0355569777901798,NaN,1.92306708157377,0.624567545466481,5000,0.587082147598267,0.587082147598267,0.587082147598267,43270.4064682007,8634.46993616211,51904.8764043628,,,13.1199998855591,0,11160.6556285906,11272.0068436959
2011-06-01T05:00:24Z,1306904424,707,55.4058054,25.757342,8678.82,-6.6,-8.3,39.3,-84126.55,-45154.8,40,Weapon+Missile,Blue,Enemies,AIM-120B,,us,,906.205104131475,590.053833007812,2.96788120704058,8678.8203125,8678.8203125,897.418371244697,-125.888671875,0,NaN,1.73845816736573,0.691550410244003,5000,0.624962210655212,0.624962210655212,0.624962210655212,41060.3845376968,8511.01532175781,49571.3998594547,,,14.1199998855591,0,12060.5158440386,12181.8516329357
2011-06-01T05:00:25Z,1306904425,707,55.4112442,25.7633996,8548.99,-5.1,-8.8,38.9,-83572.91,-44490.41,39.6,Weapon+Missile,Blue,Enemies,AIM-120B,,us,,874.532716204007,575.134704589844,2.85896151805176,8548.9912109375,8548.9912109375,864.842110502624,-129.8291015625,0.0304634767262568,NaN,1.3384899735326,0.65760991959774,5000,0.7115398645401,0.7115398645401,0.7115398645401,38240.3735855579,8383.69646587402,46624.070051432,,,15.1199998855591,0,12927.726043931,13059.8845760971
2011-06-01T05:00:26Z,1306904426,707,55.416502,25.7693498,8414.42,-3.9,-9.3,38.4,-83037.63,-43837.67,39.1,Weapon+Missile,Blue,Enemies,AIM-120B,,us,,854.803631859183,567.22998046875,2.78923481481425,8414.419921875,8414.419921875,844.144429111338,-134.5712890625,0.0088417624138267,NaN,1.1384388553848,0.681287250603265,5000,0.827923476696014,0.827923476696014,0.827923476696014,36534.4624519825,8251.72711268555,44786.189564668,,,16.1199998855591,0,13774.2288919158,13918.1290433763
2011-06-01T05:00:27Z,1306904427,707,55.421507,25.7751204,8278.2,-2.9,-9.8,37.8,-82527.99,-43204.51,38.5,Weapon+Missile,Blue,Enemies,AIM-120B,,us,,824.127000190371,552.585266113281,2.68406158300846,8278.203125,8278.203125,812.791668690012,-136.216796875,0.0477567820806428,NaN,0.938450916486827,0.731899699405,5000,0.894606471061707,0.894606471061707,0.894606471061707,33959.265622139,8118.14406757812,42077.4096897171,,,17.1199998855591,0,14589.3265836788,14745.5824875209
2011-06-01T05:00:28Z,1306904428,707,55.426294,25.7807536,8140.26,-2.1,-10.1,37.3,-82040.44,-42586.27,38,Weapon+Missile,Blue,Enemies,AIM-120B,,us,,799.347725037993,541.289001464844,2.59840254792244,8140.2587890625,8140.2587890625,787.35515855691,-137.9443359375,0.0218507550099476,NaN,0.769230845365645,0.719155260104844,5000,0.912317335605621,0.912317335605621,0.912317335605621,31947.8392761707,7982.86688537598,39930.7061615467,,,18.1199998855591,0,15378.9535937949,15548.1692527815
2011-06-01T05:00:29Z,1306904429,707,55.430871,25.7862595,8000.33,-1.3,-10.6,36.6,-81574.16,-41981.89,37.3,Weapon+Missile,Blue,Enemies,AIM-120B,,us,,776.058618227994,530.721435546875,2.51784439350833,8000.33154296875,8000.33154296875,763.33959986795,-139.92724609375,0.0500878232878486,NaN,0.769239169658696,0.768866764266372,5000,0.91461569070816,0.91461569070816,0.91461569070816,30113.3489462972,7845.64513258545,37958.9940788826,,,19.1199998855591,0,16144.5473780825,16327.39816166
2011-06-01T05:00:30Z,1306904430,707,55.4352253,25.7916219,7858.36,-0.6,-11.2,35.9,-81130.45,-41393.11,36.6,Weapon+Missile,Blue,Enemies,AIM-120B,,us,,750.80567514326,518.761413574219,2.43117718278996,7858.35546875,7858.35546875,737.259761669358,-141.97607421875,0.0407903896825778,NaN,0.753842749330724,0.844901017076336,5000,0.932077348232269,0.932077348232269,0.932077348232269,28185.4580913663,7706.41416576172,35891.872257128,,,20.1199998855591,0,16884.0248156281,17081.2844721918
2011-06-01T05:00:31Z,1306904431,707,55.4393593,25.7968438,7714.22,-0.1,-11.7,35.3,-80709.05,-40819.62,36,Weapon+Missile,Blue,Enemies,AIM-120B,,us,,726.113133416752,506.945373535156,2.34659726900718,7714.220703125,7714.220703125,711.663861565641,-144.134765625,0.0377966304262067,NaN,0.569251070678164,0.996950739676046,5000,1.16315317153931,1.16315317153931,1.16315317153931,26362.0141260147,7565.06624583008,33927.0803718448,,,21.1199998855591,0,17597.8791098073,17810.3988189706
2011-06-01T05:00:32Z,1306904432,707,55.4432681,25.8019551,7565.65,0.8,-12.8,33.9,-80310.41,-40258.1,34.6,Weapon+Missile,Blue,Enemies,AIM-120B,,us,,704.476910936485,496.896484375,2.27207901730902,7565.64892578125,7565.64892578125,688.632082479121,-148.57177734375,0.0720951604136757,NaN,0.999999992253633,1.65149139637636,5000,2.18956160545349,2.18956160545349,2.18956160545349,24814.3859021306,7419.36710380127,32233.7530059319,,,22.1199998855591,0,18288.6872976962,18517.8120355097
2011-06-01T05:00:33Z,1306904433,707,55.4468447,25.8069548,7408.31,2.1,-14.1,31.7,-79945.25,-39708.55,32.4,Weapon+Missile,Blue,Enemies,AIM-120B,,us,,678.310598397636,483.922332763672,2.1830301154328,7408.30908203125,7408.30908203125,659.81015562606,-157.33984375,0.0671345097195885,NaN,1.33846179900227,2.50108955588926,5000,3.00193309783936,3.00193309783936,3.00193309783936,23005.263394928,7265.06942593018,30270.3328208582,,,23.1199998855591,0,18950.6876581973,19199.0093450252
2011-06-01T05:00:34Z,1306904434,707,55.4500349,25.8118807,7241.28,3.4,-15.5,28.8,-79618.96,-39166.7,29.5,Weapon+Missile,Blue,Enemies,AIM-120B,,us,,654.190453311766,472.153472900391,2.10066648241187,7241.28369140625,7241.28369140625,632.509026094348,-167.025390625,0.0385767186844643,NaN,1.47692339385677,3.16516088780268,5000,3.65921330451965,3.65921330451965,3.65921330451965,21398.2574602127,7101.27347123291,28499.5309314456,,,24.1199998855591,0,19585.4281471003,19856.0625309987
2011-06-01T05:00:35Z,1306904435,707,55.4527813,25.8167365,7065.44,4.8,-16.9,25.2,-79337.28,-38632.08,25.9,Weapon+Missile,Blue,Enemies,AIM-120B,,us,,629.350240472293,459.777893066406,2.01613751582561,7065.43505859375,7065.43505859375,604.283860052962,-175.8486328125,0.0400965702120767,NaN,1.53846169073129,3.74161263205248,5000,4.12909889221191,4.12909889221191,4.12909889221191,19804.0862591267,6928.82487173584,26732.9111308625,,,25.1199998855591,0,20192.0066547627,20488.2697804849
2011-06-01T05:00:36Z,1306904436,707,55.4550164,25.821458,6884.56,6.4,-18.3,21,-79107.06,-38111.72,21.7,Weapon+Missile,Blue,Enemies,AIM-120B,,us,,597.0683971702,442.212951660156,1.90810554914376,6884.55908203125,6884.55908203125,569.0119084887,-180.8759765625,0.0290393305717448,NaN,1.53846169073129,4.10540302139935,5000,4.15843486785889,4.15843486785889,4.15843486785889,17824.5335449696,6751.44613218018,24575.9796771497,,,26.1199998855591,0,20763.3370793642,21088.1438439749
2011-06-01T05:00:37Z,1306904437,707,55.4567715,25.8260711,6699.16,7.5,-19.5,17,-78925.11,-37602.82,17.7,Weapon+Missile,Blue,Enemies,AIM-120B,,us,,571.368867880255,428.615417480469,1.82148007010859,6699.1572265625,6699.1572265625,540.452158078316,-185.40185546875,0.313094951846502,NaN,0.892307012227867,3.24597974148709,5000,2.47669315338135,2.47669315338135,2.47669315338135,16323.1191591382,6569.62902158691,22892.7481807251,,,27.1199998855591,0,21306.1457071513,21662.2892044688
2011-06-01T05:00:38Z,1306904438,707,55.4582369,25.8305711,6514.23,7.9,-20,14.1,-78772.37,-37106.1,14.8,Weapon+Missile,Blue,Enemies,AIM-120B,,us,,551.595666037784,418.615112304688,1.75414789775772,6514.22998046875,6514.22998046875,519.672678177185,-184.92724609375,0.0214524679724451,NaN,1.75383548450836,4.22458768798195,5000,5.15956354141235,5.15956354141235,5.15956354141235,15212.8889395833,6388.27734379639,21601.1662833797,,,28.1199998855591,0,21828.1575160166,22216.5988917314
2011-06-01T05:00:39Z,1306904439,707,55.4590986,25.834772,6337.92,10.1,-20.5,7.6,-78680.53,-36641.79,8.3,Weapon+Missile,Blue,Enemies,AIM-120B,,us,,505.075782836534,389.396087646484,1.60248416647566,6337.919921875,6337.919921875,473.303612543372,-176.31005859375,0.154397828424518,NaN,1.1384610534996,5.10583320884898,5000,4.09780120849609,4.09780120849609,4.09780120849609,12755.0773203969,6215.37624018555,18970.4535605824,,,29.1199998855591,0,22303.6990950336,22724.2217227338
2011-06-01T05:00:40Z,1306904440,707,55.4595584,25.8388417,6173.15,9.9,-19.3,4.3,-78629.15,-36191.54,5,Weapon+Missile,Blue,Enemies,AIM-120B,,us,,482.194672555539,375.755035400391,1.52658726274396,6173.1474609375,6173.1474609375,453.16855402548,-164.7724609375,0.0965478690349569,NaN,0.507674300628708,3.39363156931326,5000,3.04448318481445,3.04448318481445,3.04448318481445,11625.5851120472,6053.78965478027,17679.3747668275,,,30.1199998855591,0,22759.0691901533,23208.905989748
2011-06-01T05:00:41Z,1306904441,707,55.4598189,25.8427679,6029.26,8.7,-17.1,2.8,-78597.95,-35756.96,3.5,Weapon+Missile,Blue,Enemies,AIM-120B,,us,,458.846499839264,360.917327880859,1.44994269539971,6029.25537109375,6029.25537109375,435.700788265458,-143.89208984375,0.11262133713043,NaN,1.3384438697557,2.59150162370636,5000,3.01918315887451,3.01918315887451,3.01918315887451,10527.0055207372,5912.67971849365,16439.6852392308,,,31.1199998855591,0,23196.9168034941,23670.1894324787
2011-06-01T05:00:42Z,1306904442,707,55.4600477,25.8465648,5910.87,6.2,-14.1,4.5,-78570.09,-35336.66,5.2,Weapon+Missile,Blue,Enemies,AIM-120B,,us,,437.548168299386,346.662689208984,1.38051252311599,5910.865234375,5910.865234375,421.226987632397,-118.39013671875,0.1025410022174,NaN,3.12309033760999,3.31527371816417,5000,4.23109912872314,4.23109912872314,4.23109912872314,9572.41997910738,5796.57865506836,15368.9986341757,,,32.1199998855591,0,23620.2046100308,24110.1034770545
2011-06-01T05:00:43Z,1306904443,707,55.4605244,25.8501495,5820.84,3.1,-11.3,9.3,-78517.66,-34940.15,9.9,Weapon+Missile,Blue,Enemies,AIM-120B,,us,,409.964751219655,326.436065673828,1.2919738755191,5820.84423828125,5820.84423828125,399.959144794669,-90.02099609375,0.130612019804616,NaN,2.72305981830068,4.94425569252222,4723.59429761743,4.0717601776123,4.0717601776123,4.0717601776123,8403.55486212969,5708.29821493408,14111.8530770638,,,33.1199998855591,0,24022.0985860114,24522.3167421567
2011-06-01T05:00:44Z,1306904444,707,55.4612657,25.8534896,5751.75,0.9,-9.8,13.9,-78439.02,-34571.06,14.6,Weapon+Missile,Blue,Enemies,AIM-120B,,us,,383.644797616631,306.001586914062,1.20794723390402,5751.74609375,5751.74609375,377.370874817658,-69.09814453125,0.152504825996285,NaN,2.01534293726064,4.97793877041414,4350.32447989267,3.649258852005,3.649258852005,3.649258852005,7359.1665369153,5640.53608302734,12999.7026199426,,,34.1199998855591,0,24401.257516741,24908.0588966099
2011-06-01T05:00:45Z,1306904445,707,55.4622616,25.8565501,5692.78,-0.7,-9.2,19,-78335.24,-34233.21,19.7,Weapon+Missile,Blue,Enemies,AIM-120B,,us,,358.311063131808,285.480041503906,1.1273216196647,5692.78125,5692.78125,353.426039171118,-58.96484375,0.0885805186993585,NaN,1.53848645016703,5.18094351849115,4014.9520218091,3.3894317150116,3.3894317150116,3.3894317150116,6419.34089813232,5582.71132453125,12002.0522226636,,,35.1199998855591,0,24756.2610986028,25268.2402859924
2011-06-01T05:00:46Z,1306904446,707,55.4634743,25.8593266,5640.32,-2,-8.8,24.2,-78210.1,-33927.1,24.9,Weapon+Missile,Blue,Enemies,AIM-120B,,us,,334.843640227841,265.943511962891,1.05277500929289,5640.318359375,5640.318359375,330.708192381593,-52.462890625,0.034299418521533,NaN,1.16921910287946,5.18620959434123,3672.57560290912,3.23561310768127,3.23561310768127,3.23561310768127,5606.01317005157,5531.26280389648,11137.2759739481,,,36.1199998855591,0,25088.359267052,25604.7482422622
2011-06-01T05:00:47Z,1306904447,707,55.4648717,25.8618252,5593.03,-3,-8.6,29.5,-78066.82,-33651.97,30.2,Weapon+Missile,Blue,Enemies,AIM-120B,,us,,313.782775214152,248.298721313477,0.985956708045209,5593.0283203125,5593.0283203125,310.198778570391,-47.2900390625,0.164151049916322,NaN,0.830769569126991,4.95925734926051,3761.43794262136,2.78240132331848,2.78240132331848,2.78240132331848,4922.98150105476,5484.88711773926,10407.868618794,,,37.1199998855591,0,25399.7368537618,25919.9675088168
2011-06-01T05:00:48Z,1306904448,707,55.4663971,25.864062,5548.75,-3.4,-8.7,33.9,-77911.05,-33406,34.6,Weapon+Missile,Blue,Enemies,AIM-120B,,us,,294.492130323355,232.250823974609,0.924814979337929,5548.7548828125,5548.7548828125,291.145114254595,-44.2734375,0.16863291479779,NaN,0.400030519309307,4.28570678199617,4663.34551007825,2.10203266143799,2.10203266143799,2.10203266143799,4336.28074111939,5441.46970715332,9777.75044827271,,,38.1199998855591,0,25691.8837011622,26215.7023188927
2011-06-01T05:00:49Z,1306904449,707,55.4679921,25.8660973,5506.64,-2.8,-9.1,35.2,-77748.59,-33182.42,35.9,Weapon+Missile,Blue,Enemies,AIM-120B,,us,,279.568429469544,220.02458190918,0.877473578358792,5506.64208984375,5506.64208984375,276.378398983058,-42.11279296875,0.320471648012343,NaN,1.33848613155119,1.10871899475878,4855.16906286317,1.24474120140076,1.24474120140076,1.24474120140076,3907.92533780336,5400.17116503662,9308.09650283999,,,39.1199998855591,0,25969.1139751352,26496.350475001
2011-06-01T05:00:50Z,1306904450,707,55.4693979,25.8680812,5457.54,0.2,-12,30.4,-77605.13,-32964.32,31.1,Weapon+Missile,Blue,Enemies,AIM-120B,,us,,265.627931384348,208.777130126953,0.83319315953048,5457.5390625,5457.5390625,261.049977278695,-49.10302734375,0.459985578168767,NaN,2.70767033488359,3.16516088780268,5000,1.16746544837952,1.16746544837952,1.16746544837952,3527.9098965764,5352.01754472656,8879.92744130297,,,40.1199998855591,0,26231.0379369268,26763.0586526977
2011-06-01T05:00:51Z,1306904451,707,55.470668,25.8700498,5404,0.1,-11.8,30.3,-77475.32,-32747.74,31,Weapon+Missile,Blue,Enemies,AIM-120B,,us,,258.113399276338,203.005645751953,0.809066391836313,5403.99609375,5403.99609375,252.498866103242,-53.54296875,0.0190362216432129,NaN,0.261514282941448,1.0730153548113,5000,1.19922351837158,1.19922351837158,1.19922351837158,3331.12634429932,5299.50982927734,8630.63617357666,,,41.1199998855591,0,26484.433095653,27022.2600151102
2011-06-01T05:00:52Z,1306904452,707,55.4719164,25.8719683,5353.85,-0.3,-11.2,30.6,-77347.75,-32536.7,31.3,Weapon+Missile,Blue,Enemies,AIM-120B,,us,,251.650432573432,198.085144042969,0.788301307089306,5353.85009765625,5353.85009765625,246.603567066985,-50.14599609375,0.0553195089623059,NaN,0.369267347287569,0.576759156123301,5000,1.23115241527557,1.23115241527557,1.23115241527557,3166.39701071978,5250.33340601807,8416.73041673784,,,42.1199998855591,0,26731.9081248753,27274.9690436921
2011-06-01T05:00:53Z,1306904453,707,55.4731441,25.873844,5307.2,-0.5,-10.6,30.6,-77222.3,-32330.37,31.3,Weapon+Missile,Blue,Enemies,AIM-120B,,us,,245.937558131229,193.758377075195,0.769945835899169,5307.2041015625,5307.2041015625,241.473463444689,-46.64599609375,0.0348925937068052,NaN,0.169224766876236,0.571390467353112,5000,1.23172545433044,1.23172545433044,1.23172545433044,3024.26412497759,5204.58931025879,8228.85343523638,,,43.1199998855591,0,26974.2327136153,27521.941205593
2011-06-01T05:00:54Z,1306904454,707,55.4743487,25.8756826,5263.93,-0.6,-10.1,30.6,-77099.23,-32128.12,31.3,Weapon+Missile,Blue,Enemies,AIM-120B,,us,,240.672844834117,189.773727416992,0.753047144145599,5263.927734375,5263.927734375,236.750024886165,-43.2763671875,0.0289899219955019,NaN,0.199987938897973,0.569503787677455,5000,1.24297201633453,1.24297201633453,1.24297201633453,2896.17091202736,5162.14969163086,8058.32060365822,,,44.1199998855591,0,27211.8161821244,27763.6276568848
2011-06-01T05:00:55Z,1306904455,707,55.4755256,25.8774796,5224.18,-0.7,-9.4,30.6,-76978.99,-31930.44,31.3,Weapon+Missile,Blue,Enemies,AIM-120B,,us,,234.766916333803,185.222396850586,0.734195192664453,5224.177734375,5224.177734375,231.37727309501,-39.75,0.0473545513419567,NaN,0,0.619297307469876,5000,1.2346750497818,1.2346750497818,1.2346750497818,2755.77525024414,5123.16825788086,7878.943508125,,,45.1199998855591,0,27444.0066816426,27999.3842681113
2011-06-01T05:00:56Z,1306904456,707,55.4766785,25.8792416,5187.65,-0.8,-8.9,30.6,-76861.2,-31736.62,31.3,Weapon+Missile,Blue,Enemies,AIM-120B,,us,,229.731089606043,181.366714477539,0.718111771196081,5187.64990234375,5187.64990234375,226.808489741184,-36.52783203125,0.0412979180078115,NaN,0,0.588763533754716,5000,1.20166897773743,1.20166897773743,1.20166897773743,2638.818676579,5087.34669148193,7726.16536806093,,,46.1199998855591,0,27671.6142794427,28230.0877655137
2011-06-01T05:00:57Z,1306904457,707,55.4778016,25.8809602,5154.13,-0.9,-8.4,30.6,-76746.45,-31547.56,31.2,Weapon+Missile,Blue,Enemies,AIM-120B,,us,,223.68213722865,176.645141601562,0.69890480736535,5154.1279296875,5154.1279296875,221.155998933808,-33.52197265625,0.0496918112546961,NaN,0.199987938897973,0.506392039333744,5000,1.18139612674713,1.18139612674713,1.18139612674713,2501.68492575884,5054.47286616699,7556.15779192583,,,47.1199998855591,0,27893.5415487669,28454.7103972257
2011-06-01T05:00:58Z,1306904458,707,55.4789018,25.8826457,5123.14,-0.9,-7.9,30.5,-76634.05,-31362.14,31.2,Weapon+Missile,Blue,Enemies,AIM-120B,,us,,219.030283580863,173.06103515625,0.684099904704793,5123.14404296875,5123.14404296875,216.827728598795,-30.98388671875,0.0364936075237144,NaN,0,0.453059200890787,5000,1.16482412815094,1.16482412815094,1.16482412815094,2398.71325627565,5024.08805289795,7422.8013091736,,,48.1199998855591,0,28111.1347440829,28674.6720344438
2011-06-01T05:00:59Z,1306904459,707,55.4799762,25.8842939,5094.56,-0.9,-7.4,30.5,-76524.28,-31180.82,31.2,Weapon+Missile,Blue,Enemies,AIM-120B,,us,,213.880342587907,169.045837402344,0.667772085602568,5094.55859375,5094.55859375,211.961489517513,-28.58544921875,0.0563075332203829,NaN,0,0.434990815895591,5000,1.16174578666687,1.16174578666687,1.16174578666687,2287.24004727602,4996.05530333984,7283.29535061586,,,49.1199998855591,0,28323.8437698869,28889.4620918844
2011-06-01T05:01:00Z,1306904460,707,55.481029,25.8859113,5068.18,-0.9,-7,30.5,-76416.71,-31002.89,31.1,Weapon+Missile,Blue,Enemies,AIM-120B,,us,,209.583921631189,165.718658447266,0.65413845553925,5068.18115234375,5068.18115234375,207.917413390914,-26.37744140625,0.0444866068804067,NaN,0,0.472095044829318,5000,1.16180837154388,1.16180837154388,1.16180837154388,2196.27101031542,4970.18786976318,7166.4588800786,,,50.1199998855591,0,28532.491301486,29099.9352611465
2011-06-01T05:01:01Z,1306904461,707,55.4820518,25.8874845,5044.18,-0.9,-6.5,30.4,-76312.23,-30829.82,31.1,Weapon+Missile,Blue,Enemies,AIM-120B,,us,,203.58025129512,160.966247558594,0.63520647142882,5044.18212890625,5044.18212890625,202.160741963989,-23.9990234375,0.0440988062738943,NaN,0,0.468349806647477,5000,1.15529918670654,1.15529918670654,1.15529918670654,2072.24593586922,4946.65286744385,7018.89880331306,,,51.1199998855591,0,28735.3716236224,29304.3898107181
2011-06-01T05:01:02Z,1306904462,707,55.4830431,25.8890108,5022.47,-0.9,-6.1,30.4,-76210.94,-30661.9,31.1,Weapon+Missile,Blue,Enemies,AIM-120B,,us,,197.301860011324,155.976303100586,0.615447034198473,5022.46923828125,5022.46923828125,196.103478665308,-21.712890625,0.0240874853888182,NaN,0,0.431036723335535,5000,1.14048707485199,1.14048707485199,1.14048707485199,1946.40119819641,4925.35979555908,6871.76099375549,,,52.1199998855591,0,28932.1616913627,29502.5284654388
2011-06-01T05:01:03Z,1306904463,707,55.4840179,25.8905128,5002.54,-0.9,-5.7,30.4,-76111.36,-30496.66,31.1,Weapon+Missile,Blue,Enemies,AIM-120B,,us,,193.952127592238,153.381683349609,0.604845101923747,5002.537109375,5002.537109375,192.925213579824,-19.93212890625,0.0254673141522757,NaN,0,0.423364446546054,5000,1.13723182678223,1.13723182678223,1.13723182678223,1880.8713898778,4905.81305436523,6786.68444424303,,,53.1199998855591,0,29125.7718463977,29697.3132772755
2011-06-01T05:01:04Z,1306904464,707,55.4849642,25.8919694,4984.58,-0.9,-5.3,30.5,-76014.68,-30336.41,31.1,Weapon+Missile,Blue,Enemies,AIM-120B,,us,,188.016097237561,148.653015136719,0.58619986490129,4984.58154296875,4984.58154296875,187.156753699873,-17.95556640625,0.0342542609833052,NaN,0,0.410933742380469,5000,1.12955212593079,1.12955212593079,1.12955212593079,1767.50264102221,4888.20465883545,6655.70729985765,,,54.1199998855591,0,29313.5875407295,29886.1316913296
2011-06-01T05:01:05Z,1306904465,707,55.4858828,25.8933798,4968.48,-0.9,-4.9,30.5,-75920.84,-30181.26,31.2,Weapon+Missile,Blue,Enemies,AIM-120B,,us,,182.033203544121,143.879745483398,0.567430410580361,4968.47998046875,4968.47998046875,181.319681440251,-16.1015625,0.0285561248002434,NaN,0,0.380395139508122,5000,1.11739778518677,1.11739778518677,1.11739778518677,1656.80435962677,4872.41442004639,6529.21877967316,,,55.1199998855591,0,29495.5558068086,30068.9523745166
2011-06-01T05:01:06Z,1306904466,707,55.4867838,25.8947588,4953.9,-0.9,-4.5,30.6,-75828.81,-30029.55,31.3,Weapon+Missile,Blue,Enemies,AIM-120B,,us,,178.03750443483,140.723541259766,0.554872523312747,4953.89990234375,4953.89990234375,177.439494778505,-14.580078125,0.033912245987893,NaN,0,0.372992895314694,5000,1.11165416240692,1.11165416240692,1.11165416240692,1584.8676492691,4858.11624773193,6442.98389700104,,,56.1199998855591,0,29673.6174958998,30247.7480330681
2011-06-01T05:01:07Z,1306904467,707,55.4876573,25.8960915,4940.9,-0.9,-4.2,30.7,-75739.59,-29882.94,31.4,Weapon+Missile,Blue,Enemies,AIM-120B,,us,,172.121345367639,135.994506835938,0.536345844624898,4940.90283203125,4940.90283203125,171.62993239659,-12.9970703125,0.0507524204508802,NaN,0,0.412478405669523,5000,1.11866044998169,1.11866044998169,1.11866044998169,1481.2878765583,4845.37047577393,6326.65835233223,,,57.1199998855591,0,29845.8489515969,30420.602408567
2011-06-01T05:01:08Z,1306904468,707,55.4885074,25.8973844,4929.46,-0.9,-3.7,30.8,-75652.77,-29740.71,31.4,Weapon+Missile,Blue,Enemies,AIM-120B,,us,,167.021855192693,131.926376342773,0.520379922106943,4929.4599609375,4929.4599609375,166.629411608938,-11.44287109375,0.0493790707421595,NaN,0,0.435215678529672,5000,1.12712383270264,1.12712383270264,1.12712383270264,1394.81500560045,4834.14885259277,6228.96385819323,,,58.1199998855591,0,30013.0598460053,30588.3334653388
2011-06-01T05:01:09Z,1306904469,707,55.4893259,25.8986253,4919.71,-0.9,-3.2,30.8,-75569.19,-29604.2,31.5,Weapon+Missile,Blue,Enemies,AIM-120B,,us,,160.362319031659,126.588279724121,0.499569505088325,4919.708984375,4919.708984375,160.065585999268,-9.7509765625,0.199744889093366,NaN,0,0.144357035283998,5000,0.786819338798523,0.786819338798523,0.786819338798523,1285.80366826057,4824.58641116211,6110.39007942268,,,59.1199998855591,0,30173.6832061406,30749.3763201835
2011-06-01T05:01:10Z,1306904470,707,55.4901256,25.899835,4908.1,0.3,-6,30.9,-75487.53,-29471.13,31.5,Weapon+Missile,Blue,Enemies,AIM-120B,,us,,156.557357371648,123.582015991211,0.487644396383746,4908.1005859375,4908.1005859375,156.126395055129,-11.6083984375,0.0914673061737239,NaN,1.53845678153282,2.10778229060077,2614.13116508628,0.0533927939832211,0.0533927939832211,0.0533927939832211,1225.5103073597,4813.2024611084,6038.71276846809,,,60.1199998855591,0,30330.3553956821,30906.5983499799
2011-06-01T05:01:11Z,1306904471,707,55.490896,25.9009997,4887.82,1.6,-9.5,30.9,-75408.85,-29343.01,31.6,Weapon+Missile,Blue,Enemies,AIM-120B,,us,,151.715115002539,119.793022155762,0.472440481766651,4887.81591796875,4887.81591796875,150.352945982548,-20.28466796875,0.0671696390195263,NaN,1.18461541648573,3.55037672680223,2435.75820980211,0.0308877676725388,0.0308877676725388,0.0308877676725388,1150.87380601168,4793.30999719482,5944.1838032065,,,61.1199998855591,0,30481.2345552763,31058.9498024317
2011-06-01T05:01:12Z,1306904472,707,55.4916484,25.9021355,4858.64,2.8,-13.1,30.9,-75332.03,-29218.08,31.6,Weapon+Missile,Blue,Enemies,AIM-120B,,us,,149.53139941807,118.206939697266,0.465468572752067,4858.63818359375,4858.63818359375,146.657080390509,-29.177734375,0.0755721080270078,NaN,1.1230769061678,3.56603450858766,2415.44824485096,0.0456170476973057,0.0456170476973057,0.0456170476973057,1117.98197059631,4764.69641431396,5882.67838491028,,,62.1199998855591,0,30628.4073589828,31209.0973480289
2011-06-01T05:01:13Z,1306904473,707,55.4923706,25.9032228,4821.51,3.6,-16.5,31,-75258.3,-29098.46,31.7,Weapon+Missile,Blue,Enemies,AIM-120B,,us,,145.341394616552,115.042678833008,0.452213499848974,4821.5146484375,4821.5146484375,140.520333498704,-37.12353515625,0.0313004982340707,NaN,0.861537863790606,3.54290962249212,2388.7260158794,0.0673833638429642,0.0673833638429642,0.0673833638429642,1056.20604945421,4728.29066270996,5784.49671216417,,,63.1199998855591,0,30769.4133148891,31355.0117887985
2011-06-01T05:01:14Z,1306904474,707,55.4930744,25.9042782,4776.41,4.3,-20.1,31.1,-75186.45,-28982.37,31.8,Weapon+Missile,Blue,Enemies,AIM-120B,,us,,143.787064595373,114.052360534668,0.447122660506682,4776.40625,4776.40625,136.528210767437,-45.1083984375,0.0512386502408132,NaN,0.630768823624324,3.42879082183954,2389.31539765834,0.0690269842743874,0.0690269842743874,0.0690269842743874,1033.7359972477,4684.05443515625,5717.79043240395,,,64.1199998855591,0,30906.4164313081,31499.3477763941
2011-06-01T05:01:15Z,1306904475,707,55.4937615,25.9053029,4723.5,4.8,-23.4,31.3,-75116.3,-28869.66,32,Weapon+Missile,Blue,Enemies,AIM-120B,,us,,142.905710373224,113.649185180664,0.444085623202522,4723.50048828125,4723.50048828125,132.751732321031,-52.90576171875,0.0227061208806142,NaN,0.400000637231688,3.40050188584464,2423.82732631492,0.0727714598178864,0.0727714598178864,0.0727714598178864,1021.10210286379,4632.17160634033,5653.27370920412,,,65.1199998855591,0,31039.629819219,31642.7746485243
2011-06-01T05:01:16Z,1306904476,707,55.494435,25.9063002,4662.85,5.2,-26.8,31.5,-75047.56,-28759.97,32.2,Weapon+Missile,Blue,Enemies,AIM-120B,,us,,142.953864815028,114.044784545898,0.443896148975172,4662.85302734375,4662.85302734375,129.451508092365,-60.6474609375,0.0736898519054965,NaN,0.399999783458042,3.3318544292612,2505.50064908617,0.082324281334877,0.082324281334877,0.082324281334877,1021.79037327766,4572.69676406006,5594.48713733772,,,66.1199998855591,0,31169.5210912594,31786.2134697024
2011-06-01T05:01:17Z,1306904477,707,55.4950873,25.9072579,4595.58,5.4,-30,31.7,-74981,-28654.64,32.4,Weapon+Missile,Blue,Enemies,AIM-120B,,us,,141.59784595153,113.333541870117,0.439313776861722,4595.5791015625,4595.5791015625,124.596022761933,-67.27392578125,0.047761295208291,NaN,0.246154895045382,3.19734922148343,2735.78369238379,0.132919043302536,0.132919043302536,0.132919043302536,1002.49749890566,4506.72357963379,5509.22107853945,,,67.1199998855591,0,31294.5521330465,31928.2741717844
2011-06-01T05:01:18Z,1306904478,707,55.4957248,25.9081847,4522,5.1,-31.8,32,-74915.96,-28552.72,32.7,Weapon+Missile,Blue,Enemies,AIM-120B,,us,,141.533156230721,113.710815429688,0.438707797205586,4522,4522,120.90388796844,-73.5791015625,0.142901860139371,NaN,0.784597490337705,1.40694959991387,5000,0.898681342601776,0.898681342601776,0.898681342601776,1001.58171563149,4434.56713,5436.14884563148,,,68.1199998855591,0,31415.8760301116,32070.2404399181
2011-06-01T05:01:19Z,1306904479,707,55.4963734,25.9091209,4448.06,3.6,-30.6,32.1,-74849.8,-28449.77,32.8,Weapon+Missile,Blue,Enemies,AIM-120B,,us,,142.978395124601,115.331802368164,0.442777305994222,4448.06201171875,4448.06201171875,122.376449373759,-73.93798828125,0,NaN,1.3384438697557,0.775393010018319,5000,1.13024425506592,1.13024425506592,1.13024425506592,1022.14107362032,4362.05873272217,5384.19980634249,,,69.1199998855591,0,31538.6659211376,32213.6468391658
2011-06-01T05:01:20Z,1306904480,707,55.4970327,25.910068,4376.24,2.5,-29.6,32.2,-74782.55,-28345.62,32.9,Weapon+Missile,Blue,Enemies,AIM-120B,,us,,143.281175762727,116.006698608398,0.443316670316682,4376.23876953125,4376.23876953125,123.979503183491,-71.8232421875,0.0810257207704588,NaN,0.938467991959752,0.94742941359422,5000,1.07689106464386,1.07689106464386,1.07689106464386,1026.47476639748,4291.62419292236,5318.09895931984,,,70.1199998855591,0,31663.0642306156,32357.3650873538
2011-06-01T05:01:21Z,1306904481,707,55.4976974,25.9110182,4306.42,1.7,-28.8,32.4,-74714.75,-28241.13,33,Weapon+Missile,Blue,Enemies,AIM-120B,,us,,142.789665824917,116.014434814453,0.441411097944032,4306.419921875,4306.419921875,124.55608045513,-69.81884765625,0.127584025631285,NaN,0.769243225083516,0.712663325381306,5000,1.04365742206573,1.04365742206573,1.04365742206573,1019.44443331957,4223.15529268555,5242.59972600512,,,71.1199998855591,0,31788.033902984,32500.5899384589
2011-06-01T05:01:22Z,1306904482,707,55.4983692,25.9119732,4238.02,1.1,-28.4,32.5,-74646.24,-28136.12,33.2,Weapon+Missile,Blue,Enemies,AIM-120B,,us,,142.827118862019,116.451194763184,0.441150722393404,4238.01513671875,4238.01513671875,125.380904647209,-68.40478515625,0.0203640258124247,NaN,0.676899067504944,0.550547878296554,5000,0.996561646461487,0.996561646461487,0.996561646461487,1019.97929412127,4156.07311405029,5176.05240817156,,,72.1199998855591,0,31913.8370107364,32643.8618667258
2011-06-01T05:01:23Z,1306904483,707,55.4990438,25.9129256,4170.95,0.6,-27.9,32.7,-74577.46,-28031.39,33.4,Weapon+Missile,Blue,Enemies,AIM-120B,,us,,142.114325761672,116.256332397461,0.438583084502587,4170.9482421875,4170.9482421875,125.293707921144,-67.06689453125,0.0410814772081642,NaN,0.492320035374519,0.42704599854997,5000,0.968760848045349,0.968760848045349,0.968760848045349,1009.82407933474,4090.30295792481,5100.12703725954,,,73.1199998855591,0,32039.5510268514,32786.420013238
2011-06-01T05:01:24Z,1306904484,707,55.4997269,25.9138821,4104.37,0.2,-27.7,33,-74507.81,-27926.23,33.6,Weapon+Missile,Blue,Enemies,AIM-120B,,us,,142.626575621746,117.078384399414,0.439800182537646,4104.369140625,4104.369140625,126.133117414563,-66.5791015625,0.037932223489669,NaN,0.415384784563495,0.370888503359242,5000,0.949829339981079,0.949829339981079,0.949829339981079,1017.11700367928,4025.01116329102,5042.12816697029,,,74.1199998855591,0,32166.1040316685,32929.490716261
2011-06-01T05:01:25Z,1306904485,707,55.5004126,25.9148323,4038.72,-0.1,-27.5,33.3,-74437.93,-27821.77,33.9,Weapon+Missile,Blue,Enemies,AIM-120B,,us,,141.793894289283,116.771430969238,0.436876825244811,4038.71997070312,4038.71997070312,125.680925148923,-65.649169921875,0.0221937195092548,NaN,0.399975877795947,0.352494457078854,5000,0.934022903442383,0.934022903442383,0.934022903442383,1005.27542288601,3960.63132006958,4965.90674295559,,,75.1199998855591,0,32292.1992708155,33071.7233748564
2011-06-01T05:01:26Z,1306904486,707,55.501106,25.9157819,3973.36,-0.4,-27.3,33.6,-74367.27,-27717.39,34.3,Weapon+Missile,Blue,Enemies,AIM-120B,,us,,141.990612633116,117.324264526367,0.437129171028375,3973.36450195312,3973.36450195312,126.055530542676,-65.35546875,0.0507183791926679,NaN,0.323095268498283,0.364770814977453,5000,0.921375930309296,0.921375930309296,0.921375930309296,1008.06670379639,3896.53949930786,4904.60620310425,,,76.1199998855591,0,32418.6672708022,33214.1508657205
2011-06-01T05:01:27Z,1306904487,707,55.5018015,25.9167212,3908.76,-0.5,-27.4,34,-74296.41,-27614.13,34.6,Weapon+Missile,Blue,Enemies,AIM-120B,,us,,140.908072943326,116.795951843262,0.433450296426872,3908.759765625,3908.759765625,125.225049668887,-64.604736328125,0.141205027013828,NaN,0.0615263440434749,0.364770814977453,5000,0.917610943317413,0.917610943317413,0.917610943317413,992.754251030088,3833.18389555664,4825.93814658673,,,77.1199998855591,0,32544.3024466156,33355.4925847944
2011-06-01T05:01:28Z,1306904488,707,55.5025049,25.9176567,3844.38,-0.9,-27.2,34.4,-74224.77,-27511.32,35.1,Weapon+Missile,Blue,Enemies,AIM-120B,,us,,140.887183188283,117.158836364746,0.433041936102415,3844.38208007812,3844.38208007812,125.318442339332,-64.377685546875,0,NaN,0.399975877795947,0.355672042507644,5000,0.903871774673462,0.903871774673462,0.903871774673462,992.459919336438,3770.05095255981,4762.51087189625,,,78.1199998855591,0,32670.0202695748,33496.8031486795
2011-06-01T05:01:29Z,1306904489,707,55.5032132,25.918583,3780.4,-1,-27.2,34.9,-74152.66,-27409.53,35.6,Weapon+Missile,Blue,Enemies,AIM-120B,,us,,140.196908200574,116.952461242676,0.4305807364143,3780.39770507812,3780.39770507812,124.744430035411,-63.984375,0.0828888675699836,NaN,0.261514282941448,0.418015394569729,5000,0.899309277534485,0.899309277534485,0.899309277534485,982.758653450012,3707.30371545044,4690.06236890045,,,79.1199998855591,0,32795.1719475084,33637.429151546
2011-06-01T05:01:30Z,1306904490,707,55.503931,25.9195043,3716.39,-1,-27.5,35.4,-74079.58,-27308.3,36,Weapon+Missile,Blue,Enemies,AIM-120B,,us,,140.300830831816,117.418655395508,0.430560815641225,3716.38916015625,3716.38916015625,124.8488258218,-64.008544921875,0.238314503632028,NaN,0.292289834681056,1.06026296474407,3897.05992419539,0.380323678255081,0.380323678255081,0.380323678255081,984.216156604886,3644.53277574463,4628.74893234951,,,80.1199998855591,0,32920.4025468929,33778.1353544134
2011-06-01T05:01:31Z,1306904491,707,55.5046352,25.9204002,3648.35,0.7,-31,35.4,-74007.91,-27209.87,36.1,Weapon+Missile,Blue,Enemies,AIM-120B,,us,,139.474214833537,117.116111755371,0.427666627383367,3648.35302734375,3648.35302734375,121.75443004405,-68.0361328125,0.0778009563104652,NaN,1.53845059167389,2.71548962082278,2384.87606058543,0.0326051563024521,0.0326051563024521,0.0326051563024521,972.652830171585,3577.81212156006,4550.46495173164,,,81.1199998855591,0,33042.5321085305,33917.9987628746
2011-06-01T05:01:32Z,1306904492,707,55.5053159,25.9212634,3573.4,2,-34.2,35.6,-73938.64,-27115.04,36.2,Weapon+Missile,Blue,Enemies,AIM-120B,,us,,139.319806554027,117.425704956055,0.426800872096615,3573.40161132812,3573.40161132812,117.440596624439,-74.951416015625,0.0414521698708569,NaN,1.21538456492299,3.27803574025267,2522.1866395435,0.0507905744016171,0.0507905744016171,0.0507905744016171,970.500424912572,3504.3098911731,4474.81031608567,,,82.1199998855591,0,33160.3448850163,34057.6887239021
2011-06-01T05:01:33Z,1306904493,707,55.5059803,25.9221012,3491.32,2.8,-37.3,35.7,-73871.03,-27023,36.4,Weapon+Missile,Blue,Enemies,AIM-120B,,us,,140.638398166298,119.042495727539,0.430407873438605,3491.31616210938,3491.31616210938,114.1978023665,-82.08544921875,0.0793235761720717,NaN,0.769230845365645,3.04130181050685,2699.33030270089,0.0632240176200867,0.0632240176200867,0.0632240176200867,988.957951939106,3423.81156411499,4412.7695160541,,,83.1199998855591,0,33274.8966061329,34198.6662272354
2011-06-01T05:01:34Z,1306904494,707,55.5066242,25.9229068,3403.13,3.5,-40.2,36,-73805.52,-26934.49,36.6,Weapon+Missile,Blue,Enemies,AIM-120B,,us,,141.075928885266,119.945602416992,0.431282299067271,3403.1298828125,3403.1298828125,110.116292412223,-88.186279296875,0.0947111009523211,NaN,0.569230953636625,2.88314792650156,2864.76784576192,0.075973242521286,0.075973242521286,0.075973242521286,995.120885542035,3337.33036652832,4332.45125207036,,,84.1199998855591,0,33385.3433830747,34340.0469186745
2011-06-01T05:01:35Z,1306904495,707,55.5072476,25.9236795,3309.37,4,-42.9,36.3,-73742.09,-26849.62,36.9,Weapon+Missile,Blue,Enemies,AIM-120B,,us,,141.48201472369,120.858833312988,0.432030038595488,3309.37451171875,3309.37451171875,105.957967521785,-93.75537109375,0.0331850008360326,NaN,0.369231488794427,2.75784597174356,3068.07383916577,0.0863297805190086,0.0863297805190086,0.0863297805190086,1000.85802451372,3245.38775553467,4246.24578004839,,,85.1199998855591,0,33491.6134161318,34481.8047333541
2011-06-01T05:01:36Z,1306904496,707,55.5078567,25.924426,3209.67,4.2,-45.4,36.6,-73680.15,-26767.62,37.2,Weapon+Missile,Blue,Enemies,AIM-120B,,us,,143.18311515981,122.940292358398,0.43669503435396,3209.666015625,3209.666015625,102.760013008904,-99.70849609375,0.0213880141485847,NaN,0.276923189708997,2.57489060364489,3299.25317173512,0.0910793393850327,0.0910793393850327,0.0910793393850327,1025.07022334337,3147.60712321289,4172.67734655626,,,86.1199998855591,0,33594.6915680576,34625.2542094875
2011-06-01T05:01:37Z,1306904497,707,55.5084517,25.9251462,3104.32,4.4,-47.8,36.9,-73619.65,-26688.53,37.6,Weapon+Missile,Blue,Enemies,AIM-120B,,us,,144.965417324283,125.143272399902,0.441566593912527,3104.31762695312,3104.31762695312,99.5825749026564,-105.348388671875,0.0270133427225694,NaN,0.199999891729021,2.42104763622294,3533.30930774258,0.0932714268565178,0.0932714268565178,0.0932714268565178,1050.74861100018,3044.29564563599,4095.04425663617,,,87.1199998855591,0,33694.5747933873,34770.4603403915
2011-06-01T05:01:38Z,1306904498,707,55.509031,25.9258379,2993.95,4.4,-50.1,37.3,-73560.75,-26612.57,38,Weapon+Missile,Blue,Enemies,AIM-120B,,us,,146.353078854773,127.047088623047,0.445198923920583,2993.94995117188,2993.94995117188,96.115554583617,-110.36767578125,0.040269758467062,NaN,0,2.27294053359991,3799.95412723504,0.0955360010266304,0.0955360010266304,0.0955360010266304,1070.96118451357,2936.06192886597,4007.02311337954,,,88.1199998855591,0,33790.9719366368,34917.0288222361
2011-06-01T05:01:39Z,1306904499,707,55.5095969,25.9265038,2878.5,4.3,-52.2,37.7,-73503.23,-26539.46,38.4,Weapon+Missile,Blue,Enemies,AIM-120B,,us,,148.267834161603,129.464004516602,0.450396052573597,2878.49682617188,2878.49682617188,93.0264831900413,-115.453125,0.0560079826649098,NaN,0.199987938897973,2.12411882243497,4112.58003491096,0.0969890877604485,0.0969890877604485,0.0969890877604485,1099.16753234863,2822.84109003784,3922.00862238648,,,89.1199998855591,0,33884.2718800543,35065.4953843687
2011-06-01T05:01:40Z,1306904500,707,55.510148,25.9271425,2758.58,4.2,-54.2,38.2,-73447.22,-26469.34,38.8,Weapon+Missile,Blue,Enemies,AIM-120B,,us,,149.778815768809,131.570129394531,0.454330423271187,2758.58081054688,2758.58081054688,89.7432050337598,-119.916015625,0.0588785724626638,NaN,0.199987938897973,2.02574638258363,4387.77197643782,0.0937286019325256,0.0937286019325256,0.0937286019325256,1121.68468265533,2705.24365057495,3826.92833323029,,,90.1199998855591,0,33974.2698684447,35215.4508739667
2011-06-01T05:01:41Z,1306904501,707,55.5106853,25.9277555,2634.24,4,-56.1,38.6,-73392.63,-26402.05,39.3,Weapon+Missile,Blue,Enemies,AIM-120B,,us,,151.553976562569,133.958236694336,0.459030299155344,2634.23999023438,2634.23999023438,86.6485326819928,-124.3408203125,0.0054041209283217,NaN,0.199987938897973,1.9238318493174,4729.6360463713,0.0954539924860001,0.0954539924860001,0.0954539924860001,1148.43039059639,2583.30696002319,3731.73735061958,,,91.1199998855591,0,34061.1623173454,35367.1654827646
2011-06-01T05:01:42Z,1306904502,707,55.5112069,25.9283411,2506.26,3.8,-57.8,39.1,-73339.66,-26337.79,39.8,Weapon+Missile,Blue,Enemies,AIM-120B,,us,,152.691545293891,135.816513061523,0.461768871812722,2506.25903320312,2506.25903320312,83.2801455426296,-127.98095703125,0.0206517079988124,NaN,0.169224766876236,1.75349589604057,5000,0.0925365090370178,0.0925365090370178,0.0925365090370178,1165.73540021181,2457.80051479614,3623.53591500795,,,92.1199998855591,0,34144.6813238904,35520.0058335737
2011-06-01T05:01:43Z,1306904503,707,55.5117166,25.9289042,2373.91,3.6,-59.4,39.5,-73287.89,-26276,40.2,Weapon+Missile,Blue,Enemies,AIM-120B,,us,,154.967015931731,138.748474121094,0.467911836885512,2373.9091796875,2373.9091796875,80.611986088782,-132.349853515625,0.0220922949816614,NaN,0.199987938897973,1.67055637534057,5000,0.0889312773942947,0.0889312773942947,0.0889312773942947,1200.73880133927,2328.00964569824,3528.74844703751,,,93.1199998855591,0,34225.5143269397,35675.1040555772
2011-06-01T05:01:44Z,1306904504,707,55.5122086,25.929439,2239,3.4,-61.1,40,-73237.95,-26217.32,40.6,Weapon+Missile,Blue,Enemies,AIM-120B,,us,,155.360415734016,140.008575439453,0.468348578583953,2239,2239,77.0478553438838,-134.9091796875,0.0402327863033136,NaN,0.184579032130425,1.59400436217501,5000,0.0863892063498497,0.0863892063498497,0.0863892063498497,1206.84293885231,2195.708935,3402.55187385231,,,94.1199998855591,0,34302.7789025826,35830.5859509501
2011-06-01T05:01:45Z,1306904505,707,55.5126892,25.9299531,2099.96,3.2,-62.5,40.5,-73189.16,-26160.92,41.1,Weapon+Missile,Blue,Enemies,AIM-120B,,us,,157.778593323181,143.161010742188,0.474856083873576,2099.96142578125,2099.96142578125,74.5812267950775,-139.03857421875,0,NaN,0.199987938897973,1.48212543668338,5000,0.080774113535881,0.080774113535881,0.080774113535881,1244.70422555208,2059.35867161377,3304.06289716585,,,95.1199998855591,0,34377.5527244309,35988.4677224359
2011-06-01T05:01:46Z,1306904506,707,55.5131534,25.9304417,1958.52,3,-64,40.9,-73142.05,-26107.32,41.5,Weapon+Missile,Blue,Enemies,AIM-120B,,us,,158.418072293812,144.717315673828,0.475985603733873,1958.52380371094,1958.52380371094,71.3560417370724,-141.437622070312,0.0517029182373635,NaN,0.199987938897973,1.40507012395335,5000,0.079312838613987,0.079312838613987,0.079312838613987,1254.81428146437,1920.65574596619,3175.47002743055,,,96.1199998855591,0,34449.0930872261,36146.979178247
2011-06-01T05:01:47Z,1306904507,707,55.5136043,25.9309089,1814,2.8,-65.2,41.3,-73096.31,-26056.09,42,Weapon+Missile,Blue,Enemies,AIM-120B,,us,,160.011994455115,147.191558837891,0.47995826331842,1814,1814,68.6782973757069,-144.523803710938,0.036445585429485,NaN,0.199987938897973,1.32431626378776,5000,0.0736026614904404,0.0736026614904404,0.0736026614904404,1280.19191847518,1778.92631,3059.11822847518,,,97.1199998855591,0,34517.954701023,36307.0786999429
2011-06-01T05:01:48Z,1306904508,707,55.5140456,25.9313591,1665.25,2.6,-66.5,41.8,-73051.54,-26006.71,42.4,Weapon+Missile,Blue,Enemies,AIM-120B,,us,,163.003913926017,151.024642944336,0.488080902176263,1665.24609375,1665.24609375,66.6524668003099,-148.75390625,0.0170952795938574,NaN,0.199987938897973,1.23431379387745,5000,0.0699744448065758,0.0699744448065758,0.0699744448065758,1328.51379776001,1633.04856052734,2961.56235828735,,,98.1199998855591,0,34584.7683754483,36470.1560655581
2011-06-01T05:01:49Z,1306904509,707,55.5144707,25.9317863,1514.79,2.4,-67.7,42.2,-73008.43,-25959.89,42.8,Weapon+Missile,Blue,Enemies,AIM-120B,,us,,163.366491367299,152.433059692383,0.488307748538825,1514.78845214844,1514.78845214844,63.6483195799989,-150.457641601562,0.0276786273955799,NaN,0.199987938897973,1.18784951105773,5000,0.0658836290240288,0.0658836290240288,0.0658836290240288,1334.43052508309,1485.50001742615,2819.93054250924,,,99.1199998855591,0,34648.5768206342,36633.5912203974
2011-06-01T05:01:50Z,1306904510,707,55.5148807,25.9321921,1362.47,2.2,-68.8,42.6,-72966.87,-25915.4,43.3,Weapon+Missile,Blue,Enemies,AIM-120B,,us,,164.037948998498,154.154647827148,0.489446343594207,1362.46765136719,1362.46765136719,60.8836789377287,-152.32080078125,0.0484483318591237,NaN,0.199987938897973,1.13000688013271,5000,0.0633193552494049,0.0633193552494049,0.0633193552494049,1345.42243558168,1336.124339328,2681.54677490969,,,100.119999885559,0,34709.6207137003,36797.6938237463
2011-06-01T05:01:51Z,1306904511,707,55.515275,25.9325768,1208.66,2,-69.9,43,-72926.88,-25873.23,43.7,Weapon+Missile,Blue,Enemies,AIM-120B,,us,,164.419906751066,155.622344970703,0.489711753929281,1208.66076660156,1208.66076660156,58.1149544843915,-153.806884765625,0.0277553692980461,NaN,0.153815860108687,1.08042258824448,5000,0.0574107095599174,0.0574107095599174,0.0574107095599174,1351.69528680146,1185.29131067932,2536.98659748078,,,101.119999885559,0,34767.8640787348,36962.1633193828
2011-06-01T05:01:52Z,1306904512,707,55.5156544,25.9329417,1053.45,1.9,-70.8,43.4,-72888.43,-25833.26,44.1,Weapon+Missile,Blue,Enemies,AIM-120B,,us,,164.827196768292,157.132110595703,0.490045124618173,1053.4453125,1053.4453125,55.4632094504011,-155.215454101562,0.0123296842177959,NaN,0.199987938897973,1.02826128732674,5000,0.0569209679961205,0.0569209679961205,0.0569209679961205,1358.40023972467,1033.07694738281,2391.47718710748,,,102.119999885559,0,34823.4658412777,37127.0405153668
2011-06-01T05:01:53Z,1306904513,707,55.5160181,25.9332866,897.33,1.7,-71.8,43.8,-72851.56,-25795.46,44.5,Weapon+Missile,Blue,Enemies,AIM-120B,,us,,164.804438374504,158.241516113281,0.489097513159767,897.327697753906,897.327697753906,52.7995575163825,-156.117614746094,0.021047783223332,NaN,0.199987938897973,0.977673491239037,5000,0.0495321974158287,0.0495321974158287,0.0495321974158287,1358.02514539678,879.977866717834,2238.00301211461,,,103.119999885559,0,34876.3802192698,37291.8843731988
2011-06-01T05:01:54Z,1306904514,707,55.5163673,25.9336134,740.02,1.6,-72.7,44.2,-72816.18,-25759.66,44.9,Weapon+Missile,Blue,Enemies,AIM-120B,,us,,165.168594358186,159.738632202148,0.489294381970083,740.015380859375,740.015380859375,50.3338803941584,-157.312316894531,0.0190545701518406,NaN,0.199987938897973,0.926648242879339,5000,0.049544770270586,0.049544770270586,0.049544770270586,1364.03322811294,725.707183470459,2089.7404115834,,,104.119999885559,0,34926.8361868088,37457.0921916786
2011-06-01T05:01:55Z,1306904515,707,55.5167025,25.9339228,581.66,1.5,-73.6,44.6,-72782.23,-25725.77,45.3,Weapon+Missile,Blue,Enemies,AIM-120B,,us,,165.466135957195,161.18586730957,0.489289299254413,581.656127929688,581.656127929688,47.9727960427183,-158.359252929688,0.0309518534889915,NaN,0,0.875779822066287,5000,0.0452740825712681,0.0452740825712681,0.0452740825712681,1368.95210743025,570.409806696167,1939.36191412642,,,105.119999885559,0,34974.9215866641,37622.5924570115
2011-06-01T05:01:56Z,1306904516,707,55.5170234,25.9342152,422.55,1.4,-74.4,44.9,-72749.72,-25693.74,45.6,Weapon+Missile,Blue,Enemies,AIM-120B,,us,,165.523414614878,162.409362792969,0.488572482261389,422.547698974609,422.547698974609,45.6345112959021,-159.108428955078,0.0178947171783399,NaN,0.0461720787892862,0.8254525336624,5000,0.0418349392712116,0.0418349392712116,0.0418349392712116,1369.90003928845,414.377739214935,1784.27777850338,,,106.119999885559,0,35020.6520702158,37788.1433511896
2011-06-01T05:01:57Z,1306904517,707,55.5173282,25.9344895,263.89,1.2,-75.2,45.3,-72718.84,-25663.7,46,Weapon+Missile,Blue,Enemies,AIM-120B,,us,,164.402264864166,162.467147827148,0.484390260553508,263.891540527344,263.891540527344,43.0851259627221,-158.656158447266,0.00878186427164064,NaN,0.184579032130425,0.775329937490202,5000,0.0387897975742817,0.0387897975742817,0.0387897975742817,1351.40523462337,258.789197591248,1610.19443221462,,,107.119999885559,0,35063.830024122,37952.5705781605
2011-06-01T05:01:58Z,1306904518,707,55.5176213,25.93475,103.83,1.1,-76,45.7,-72689.16,-25635.18,46.3,Weapon+Missile,Blue,Enemies,AIM-120B,,us,,165.26384998849,164.499206542969,0.486048321451961,103.833839416504,103.833839416504,41.1542516410043,-160.05770111084,0.0124478685602287,NaN,0.12305268808695,0.7742564772126,5000,0.0375804454088211,0.0375804454088211,0.0375804454088211,1365.6070056509,101.826212131386,1467.43321778229,,,108.119999885559,0,35105.0767471323,38117.8577764892
2011-06-01T05:01:59Z,1306904519,707,55.5179007,25.9349953,-56.4,1,-76.7,46,-72660.86,-25608.34,46.7,Weapon+Missile,Blue,Enemies,AIM-120B,,us,,164.912816395353,165.331680297852,0.484141095186707,-56.3984603881836,-56.3984603881836,39.0108588824739,-160.232299804688,0.0316382284003079,NaN,0.199987938897973,0.72322546588079,5000,0.0313408151268959,0.0313408151268959,0.0313408151268959,1359.81185057238,-55.3079961565781,1304.5038544158,,,109.119999885559,0,35144.1733253382,38282.790925661
